Date,sp500EPS
1928-01-01,1.133160957
1928-02-01,1.154666667
1928-03-01,1.176660219
1928-04-01,1.199752628
1928-05-01,1.221747098
1928-06-01,1.244764398
1928-07-01,1.268034414
1928-08-01,1.290280496
1928-09-01,1.311648079
1928-10-01,1.334981459
1928-11-01,1.357268982
1928-12-01,1.379618594
1929-01-01,1.398987057
1929-02-01,1.418274688
1929-03-01,1.438348416
1929-04-01,1.457060519
1929-05-01,1.476409666
1929-06-01,1.49514008
1929-07-01,1.514088251
1929-08-01,1.533367295
1929-09-01,1.551809618
1929-10-01,1.571588995
1929-11-01,1.590417311
1929-12-01,1.610233258
1930-01-01,1.557388809
1930-02-01,1.502931596
1930-03-01,1.450030285
1930-04-01,1.397365532
1930-05-01,1.342680875
1930-06-01,1.290167866
1930-07-01,1.236641221
1930-08-01,1.183266932
1930-09-01,1.129961936
1930-10-01,1.076923077
1930-11-01,1.022769231
1930-12-01,0.969981238
1931-01-01,0.94
1931-02-01,0.91005291
1931-03-01,0.88002008
1931-04-01,0.849946409
1931-05-01,0.81979405
1931-06-01,0.789863326
1931-07-01,0.75980912
1931-08-01,0.730042017
1931-09-01,0.7
1931-10-01,0.669934641
1931-11-01,0.64017252
1931-12-01,0.60982659
1932-01-01,0.593280915
1932-02-01,0.576734408
1932-03-01,0.56
1932-04-01,0.543252595
1932-05-01,0.526768642
1932-06-01,0.510160428
1932-07-01,0.493110236
1932-08-01,0.476582278
1932-09-01,0.459910913
1932-10-01,0.443337484
1932-11-01,0.426755448
1932-12-01,0.410102225
1933-01-01,0.412449098
1933-02-01,0.41500664
1933-03-01,0.417560322
1933-04-01,0.420121951
1933-05-01,0.422582182
1933-06-01,0.424948875
1933-07-01,0.427483822
1933-08-01,0.430068521
1933-09-01,0.432542927
1933-10-01,0.435079727
1933-11-01,0.437583893
1933-12-01,0.439982348
1934-01-01,0.444163506
1934-02-01,0.448316832
1934-03-01,0.452591656
1934-04-01,0.456712673
1934-05-01,0.460779709
1934-06-01,0.464920486
1934-07-01,0.469276511
1934-08-01,0.473218929
1934-09-01,0.477419355
1934-10-01,0.481700753
1934-11-01,0.485744456
1934-12-01,0.48994709
1935-01-01,0.569846154
1935-02-01,0.649782923
1935-03-01,0.730034722
1935-04-01,0.756485356
1935-05-01,0.78313253
1935-06-01,0.810248199
1935-07-01,0.793591654
1935-08-01,0.776639344
1935-09-01,0.759816754
1935-10-01,0.760204082
1935-11-01,0.75990676
1935-12-01,0.75990676
1936-01-01,0.770005596
1936-02-01,0.780160858
1936-03-01,0.790005316
1936-04-01,0.819834711
1936-05-01,0.849819059
1936-06-01,0.880167765
1936-07-01,0.899942163
1936-08-01,0.92
1936-09-01,0.940246046
1936-10-01,0.966800229
1936-11-01,0.993135011
1936-12-01,1.019725045
1937-01-01,1.050149254
1937-02-01,1.079904592
1937-03-01,1.109815951
1937-04-01,1.130232558
1937-05-01,1.150035386
1937-06-01,1.169783096
1937-07-01,1.186962751
1937-08-01,1.203450755
1937-09-01,1.219864177
1937-10-01,1.189922481
1937-11-01,1.15942029
1937-12-01,1.13025641
1938-01-01,1.077142857
1938-02-01,1.023169601
1938-03-01,0.969896519
1938-04-01,0.903196347
1938-05-01,0.836546521
1938-06-01,0.769984917
1938-07-01,0.72
1938-08-01,0.670114317
1938-09-01,0.62005277
1938-10-01,0.626679463
1938-11-01,0.633236434
1938-12-01,0.639939486
1939-01-01,0.663481953
1939-02-01,0.686600221
1939-03-01,0.710028653
1939-04-01,0.726845638
1939-05-01,0.743216413
1939-06-01,0.759973404
1939-07-01,0.776525199
1939-08-01,0.793127148
1939-09-01,0.809765377
1939-10-01,0.83984375
1939-11-01,0.870192308
1939-12-01,0.900291121
1940-01-01,0.929705215
1940-02-01,0.959937156
1940-03-01,0.990220049
1940-04-01,1.006562756
1940-05-01,1.023210832
1940-06-01,1.039784946
1940-07-01,1.053797468
1940-08-01,1.066945607
1940-09-01,1.080284553
1940-10-01,1.069790628
1940-11-01,1.05984556
1940-12-01,1.049850449
1941-01-01,1.052894212
1941-02-01,1.056623932
1941-03-01,1.059637913
1941-04-01,1.069922309
1941-05-01,1.080183276
1941-06-01,1.090502793
1941-07-01,1.123767798
1941-08-01,1.156285391
1941-09-01,1.18931475
1941-10-01,1.180072029
1941-11-01,1.169787765
1941-12-01,1.160264901
1942-01-01,1.120451694
1942-02-01,1.079900125
1942-03-01,1.039390089
1942-04-01,1.019505852
1942-05-01,1
1942-06-01,0.98
1942-07-01,0.966442953
1942-08-01,0.953385128
1942-09-01,0.940411701
1942-10-01,0.969823101
1942-11-01,1
1942-12-01,1.03030303
1943-01-01,1.043433299
1943-02-01,1.056324111
1943-03-01,1.069565217
1943-04-01,1.0802644
1943-05-01,1.089825848
1943-06-01,1.1
1943-07-01,1.092920354
1943-08-01,1.087037037
1943-09-01,1.08018018
1943-10-01,1.033043478
1943-11-01,0.986933798
1943-12-01,0.94021294
1944-01-01,0.936758893
1944-02-01,0.933386201
1944-03-01,0.930053805
1944-04-01,0.926734217
1944-05-01,0.923664122
1944-06-01,0.920116195
1944-07-01,0.913562895
1944-08-01,0.906581741
1944-09-01,0.9
1944-10-01,0.909795631
1944-11-01,0.920315865
1944-12-01,0.929737402
1945-01-01,0.940069686
1945-02-01,0.950238582
1945-03-01,0.960027567
1945-04-01,0.973415133
1945-05-01,0.986684421
1945-06-01,1
1945-07-01,0.996628456
1945-08-01,0.993302076
1945-09-01,0.99
1945-10-01,0.979809976
1945-11-01,0.969834946
1945-12-01,0.960110803
1946-01-01,0.940010433
1946-02-01,0.9200611
1946-03-01,0.899897331
1946-04-01,0.880188679
1946-05-01,0.860165593
1946-06-01,0.839963834
1946-07-01,0.856668249
1946-08-01,0.873211643
1946-09-01,0.889740566
1946-10-01,0.946726573
1946-11-01,1.003415301
1946-12-01,1.060266293
1947-01-01,1.130014859
1947-02-01,1.199696279
1947-03-01,1.269681742
1947-04-01,1.327272727
1947-05-01,1.382835101
1947-06-01,1.439379243
1947-07-01,1.47659176
1947-08-01,1.512720157
1947-09-01,1.549382716
1947-10-01,1.570121951
1947-11-01,1.590625
1947-12-01,1.609207709
1948-01-01,1.644124169
1948-02-01,1.676575505
1948-03-01,1.710526316
1948-04-01,1.76
1948-05-01,1.810538117
1948-06-01,1.860619469
1948-07-01,1.929494712
1948-08-01,2
1948-09-01,2.070959264
1948-10-01,2.144370861
1948-11-01,2.215942029
1948-12-01,2.291101056
1949-01-01,2.320241692
1949-02-01,2.348171701
1949-03-01,2.381789137
1949-04-01,2.386217949
1949-05-01,2.391585761
1949-06-01,2.400343643
1949-07-01,2.396103896
1949-08-01,2.392801252
1949-09-01,2.390432099
1949-10-01,2.368107303
1949-11-01,2.344978166
1949-12-01,2.319775596
1950-01-01,2.337950139
1950-02-01,2.354309166
1950-03-01,2.370218579
1950-04-01,2.427210884
1950-05-01,2.481830417
1950-06-01,2.539295393
1950-07-01,2.601796407
1950-08-01,2.659451659
1950-09-01,2.721825963
1950-10-01,2.759722222
1950-11-01,2.800847458
1950-12-01,2.841726619
1951-01-01,2.835561497
1951-02-01,2.835051546
1951-03-01,2.831151832
1951-04-01,2.792356688
1951-05-01,2.755025126
1951-06-01,2.720959596
1951-07-01,2.648550725
1951-08-01,2.580608794
1951-09-01,2.511229947
1951-10-01,2.487752929
1951-11-01,2.463123644
1951-12-01,2.441084463
1952-01-01,2.426278837
1952-02-01,2.413617886
1952-03-01,2.400201613
1952-04-01,2.38114343
1952-05-01,2.358846918
1952-06-01,2.339731286
1952-07-01,2.346117867
1952-08-01,2.353271028
1952-09-01,2.36
1952-10-01,2.373776908
1952-11-01,2.386081983
1952-12-01,2.4
1953-01-01,2.4106814
1953-02-01,2.419083255
1953-03-01,2.428971963
1953-04-01,2.456262425
1953-05-01,2.484
1953-06-01,2.51048218
1953-07-01,2.522326064
1953-08-01,2.53798127
1953-09-01,2.548740416
1953-10-01,2.536507937
1953-11-01,2.523171988
1953-12-01,2.510616785
1954-01-01,2.523290387
1954-02-01,2.536062378
1954-03-01,2.549904031
1954-04-01,2.572625698
1954-05-01,2.597649186
1954-06-01,2.62081448
1954-07-01,2.622280244
1954-08-01,2.626495726
1954-09-01,2.629598662
1954-10-01,2.677204659
1954-11-01,2.723127036
1954-12-01,2.770998415
1955-01-01,2.834394904
1955-02-01,2.896850394
1955-03-01,2.96025953
1955-04-01,3.047619048
1955-05-01,3.133333333
1955-06-01,3.221052632
1955-07-01,3.293981481
1955-08-01,3.367460317
1955-09-01,3.439875873
1955-10-01,3.500415628
1955-11-01,3.55898654
1955-12-01,3.620909816
1956-01-01,3.642739274
1956-02-01,3.665841584
1956-03-01,3.68997669
1956-04-01,3.659558264
1956-05-01,3.630265211
1956-06-01,3.60077821
1956-07-01,3.552804079
1956-08-01,3.506146059
1956-09-01,3.459379616
1956-10-01,3.443037975
1956-11-01,3.427715356
1956-12-01,3.40969163
1957-01-01,3.405547226
1957-02-01,3.404072044
1957-03-01,3.4
1957-04-01,3.407715582
1957-05-01,3.41210795
1957-06-01,3.420863309
1957-07-01,3.435552408
1957-08-01,3.45440844
1957-09-01,3.471191792
1957-10-01,3.436666667
1957-11-01,3.402192243
1957-12-01,3.369256475
1958-01-01,3.292233787
1958-02-01,3.215900234
1958-03-01,3.140193885
1958-04-01,3.070340827
1958-05-01,2.999313658
1958-06-01,2.930582842
1958-07-01,2.913814956
1958-08-01,2.896174863
1958-09-01,2.88
1958-10-01,2.883418223
1958-11-01,2.886201209
1958-12-01,2.889789303
1959-01-01,2.963239212
1959-02-01,3.036031042
1959-03-01,3.109634551
1959-04-01,3.206064009
1959-05-01,3.302564103
1959-06-01,3.4
1959-07-01,3.409817352
1959-08-01,3.419689119
1959-09-01,3.430547204
1959-10-01,3.417266187
1959-11-01,3.402497027
1959-12-01,3.390355913
1960-01-01,3.389602804
1960-02-01,3.390881459
1960-03-01,3.390018484
1960-04-01,3.347147147
1960-05-01,3.302631579
1960-06-01,3.260820046
1960-07-01,3.263588545
1960-08-01,3.266473988
1960-09-01,3.270286396
1960-10-01,3.270237371
1960-11-01,3.270636792
1960-12-01,3.270005757
1961-01-01,3.210752688
1961-02-01,3.149442756
1961-03-01,3.090120482
1961-04-01,3.070429104
1961-05-01,3.050458716
1961-06-01,3.029547553
1961-07-01,3.036658933
1961-08-01,3.044005388
1961-09-01,3.050340136
1961-10-01,3.096539162
1961-11-01,3.143741707
1961-12-01,3.189862161
1962-01-01,3.250352941
1962-02-01,3.310702499
1962-03-01,3.369606903
1962-04-01,3.4025
1962-05-01,3.43644299
1962-06-01,3.47036806
1962-07-01,3.490808824
1962-08-01,3.5104979
1962-09-01,3.530127815
1962-10-01,3.577707006
1962-11-01,3.623415812
1962-12-01,3.669595782
1963-01-01,3.68403171
1963-02-01,3.697139652
1963-03-01,3.710169492
1963-04-01,3.753275109
1963-05-01,3.797509475
1963-06-01,3.839539978
1963-07-01,3.880337079
1963-08-01,3.919381557
1963-09-01,3.95923913
1963-10-01,3.979836512
1963-11-01,3.998898678
1963-12-01,4.020054201
1964-01-01,4.072988812
1964-02-01,4.127466667
1964-03-01,4.180371353
1964-04-01,4.22962963
1964-05-01,4.279957582
1964-06-01,4.330275229
1964-07-01,4.37769595
1964-08-01,4.422869471
1964-09-01,4.469989282
1964-10-01,4.496555379
1964-11-01,4.523028057
1964-12-01,4.550677507
1965-01-01,4.593066667
1965-02-01,4.63655799
1965-03-01,4.680862534
1965-04-01,4.73211404
1965-05-01,4.787131367
1965-06-01,4.840068298
1965-07-01,4.885500575
1965-08-01,4.933827724
1965-09-01,4.979387187
1965-10-01,5.049171271
1965-11-01,5.119444444
1965-12-01,5.191284663
1966-01-01,5.239752948
1966-02-01,5.290525114
1966-03-01,5.341346154
1966-04-01,5.378743394
1966-05-01,5.420362274
1966-06-01,5.460659898
1966-07-01,5.477983408
1966-08-01,5.49386921
1966-09-01,5.510623229
1966-10-01,5.525071633
1966-11-01,5.535885167
1966-12-01,5.551535836
1967-01-01,5.516002613
1967-02-01,5.483992467
1967-03-01,5.449116392
1967-04-01,5.411064842
1967-05-01,5.370649652
1967-06-01,5.331195335
1967-07-01,5.320938215
1967-08-01,5.311410905
1967-09-01,5.299225664
1967-10-01,5.30854606
1967-11-01,5.319173364
1967-12-01,5.329977629
1968-01-01,5.366459627
1968-02-01,5.401785714
1968-03-01,5.438949939
1968-04-01,5.48252149
1968-05-01,5.526256352
1968-06-01,5.570953437
1968-07-01,5.600223339
1968-08-01,5.628800918
1968-09-01,5.659217877
1968-10-01,5.693911135
1968-11-01,5.725149375
1968-12-01,5.7598702
1969-01-01,5.779036827
1969-02-01,5.8
1969-03-01,5.82063306
1969-04-01,5.825186889
1969-05-01,5.833798104
1969-06-01,5.838633687
1969-07-01,5.857142857
1969-08-01,5.871571072
1969-09-01,5.88847352
1969-10-01,5.852941176
1969-11-01,5.816807739
1969-12-01,5.781091371
1970-01-01,5.730329949
1970-02-01,5.678175896
1970-03-01,5.628571429
1970-04-01,5.592062459
1970-05-01,5.555880205
1970-06-01,5.521548576
1970-07-01,5.467148014
1970-08-01,5.414871438
1970-09-01,5.358857884
1970-10-01,5.283030683
1970-11-01,5.20568252
1970-12-01,5.131054131
1971-01-01,5.159492274
1971-02-01,5.190272582
1971-03-01,5.220125786
1971-04-01,5.252422234
1971-05-01,5.28616025
1971-06-01,5.321237994
1971-07-01,5.357142857
1971-08-01,5.3932335
1971-09-01,5.428727471
1971-10-01,5.521566402
1971-11-01,5.609431681
1971-12-01,5.699425287
1972-01-01,5.735702388
1972-02-01,5.773874863
1972-03-01,5.809061489
1972-04-01,5.862068966
1972-05-01,5.917582418
1972-06-01,5.970149254
1972-07-01,6.025857223
1972-08-01,6.082191781
1972-09-01,6.139169473
1972-10-01,6.234357224
1972-11-01,6.327652556
1972-12-01,6.420765027
1973-01-01,6.545052515
1973-02-01,6.67445938
1973-03-01,6.799758016
1973-04-01,6.941472624
1973-05-01,7.085261071
1973-06-01,7.227586207
1973-07-01,7.383112352
1973-08-01,7.538126362
1973-09-01,7.691187181
1973-10-01,7.848463188
1973-11-01,8.006279435
1973-12-01,8.156626506
1974-01-01,8.22859589
1974-02-01,8.291925466
1974-03-01,8.3567753
1974-04-01,8.490358127
1974-05-01,8.613832853
1974-06-01,8.742940604
1974-07-01,8.861452514
1974-08-01,8.986997636
1974-09-01,9.106951872
1974-10-01,9.041666667
1974-11-01,8.9675
1974-12-01,8.895225464
1975-01-01,8.742168675
1975-02-01,8.594420601
1975-03-01,8.454086781
1975-04-01,8.28962818
1975-05-01,8.124436429
1975-06-01,7.958656331
1975-07-01,7.891638225
1975-08-01,7.82739726
1975-09-01,7.760769936
1975-10-01,7.824204947
1975-11-01,7.893952673
1975-12-01,7.962298025
1976-01-01,8.194585448
1976-02-01,8.425460637
1976-03-01,8.663239075
1976-04-01,8.853171156
1976-05-01,9.051878354
1976-06-01,9.246139873
1976-07-01,9.353680431
1976-08-01,9.45105215
1976-09-01,9.547511312
1976-10-01,9.667931689
1976-11-01,9.787234043
1976-12-01,9.905392621
1977-01-01,9.971181556
1977-02-01,10.01984127
1977-03-01,10.08016032
1977-04-01,10.19032922
1977-05-01,10.30897704
1977-06-01,10.41867786
1977-07-01,10.51416579
1977-08-01,10.61346363
1977-09-01,10.70411568
1977-10-01,10.77471264
1977-11-01,10.82433984
1977-12-01,10.88399072
1978-01-01,10.89975845
1978-02-01,10.90441176
1978-03-01,10.92496925
1978-04-01,11.02378121
1978-05-01,11.13257143
1978-06-01,11.22528736
1978-07-01,11.34072345
1978-08-01,11.4553473
1978-09-01,11.5701559
1978-10-01,11.8213866
1978-11-01,12.08035714
1978-12-01,12.33761232
1979-01-01,12.6535533
1979-02-01,12.97622193
1979-03-01,13.2934927
1979-04-01,13.52317881
1979-05-01,13.75586207
1979-06-01,13.98899587
1979-07-01,14.20470263
1979-08-01,14.41610738
1979-09-01,14.6361186
1979-10-01,14.697609
1979-11-01,14.79315264
1979-12-01,14.86896552
1980-01-01,15.0067659
1980-02-01,15.15111695
1980-03-01,15.28467153
1980-04-01,15.16936672
1980-05-01,15.06293706
1980-06-01,14.94132986
1980-07-01,14.84510533
1980-08-01,14.73747017
1980-09-01,14.6412037
1980-10-01,14.69525959
1980-11-01,14.76605005
1980-12-01,14.81687014
1981-01-01,14.74501109
1981-02-01,14.65753425
1981-03-01,14.57330416
1981-04-01,14.72070099
1981-05-01,14.86455982
1981-06-01,15.01702611
1981-07-01,15.0994152
1981-08-01,15.17564403
1981-09-01,15.26451613
1981-10-01,15.30012771
1981-11-01,15.32418953
1981-12-01,15.35980149
1982-01-01,15.17464424
1982-02-01,14.98691099
1982-03-01,14.81283422
1982-04-01,14.59222083
1982-05-01,14.3881335
1982-06-01,14.17312661
1982-07-01,13.97190294
1982-08-01,13.76411543
1982-09-01,13.55481728
1982-10-01,13.25674326
1982-11-01,12.94283037
1982-12-01,12.63825929
1983-01-01,12.56968641
1983-02-01,12.49361702
1983-03-01,12.420278
1983-04-01,12.47626582
1983-05-01,12.53628724
1983-06-01,12.58698941
1983-07-01,12.82642089
1983-08-01,13.06516492
1983-09-01,13.30151154
1983-10-01,13.546042
1983-11-01,13.78964942
1983-12-01,14.02730375
1984-01-01,14.44444444
1984-02-01,14.85363551
1984-03-01,15.26673133
1984-04-01,15.57312253
1984-05-01,15.88235294
1984-06-01,16.2010582
1984-07-01,16.3174946
1984-08-01,16.44
1984-09-01,16.56031904
1984-10-01,16.57947686
1984-11-01,16.61338661
1984-12-01,16.63296259
1985-01-01,16.56370656
1985-02-01,16.47540984
1985-03-01,16.38356164
1985-04-01,16.125
1985-05-01,15.87124464
1985-06-01,15.61157025
1985-07-01,15.48672566
1985-08-01,15.3588907
1985-09-01,15.22746071
1985-10-01,15.02824859
1985-11-01,14.81620405
1985-12-01,14.60887949
1986-01-01,14.57983193
1986-02-01,14.54907162
1986-03-01,14.51875
1986-04-01,14.58333333
1986-05-01,14.64987715
1986-06-01,14.70623501
1986-07-01,14.75429975
1986-08-01,14.80362538
1986-09-01,14.84735202
1986-10-01,14.72704715
1986-11-01,14.60667461
1986-12-01,14.47874199
1987-01-01,14.6862854
1987-02-01,14.89395546
1987-03-01,15.10067114
1987-04-01,14.87403599
1987-05-01,14.64539007
1987-06-01,14.42105263
1987-07-01,14.90148967
1987-08-01,15.37815126
1987-09-01,15.86361374
1987-10-01,16.40515222
1987-11-01,16.9550173
1987-12-01,17.50181554
1988-01-01,17.86733238
1988-02-01,18.22740113
1988-03-01,18.59342197
1988-04-01,19.61165049
1988-05-01,20.6365834
1988-06-01,21.67333867
1988-07-01,22.0212766
1988-08-01,22.38539898
1988-09-01,22.73112807
1988-10-01,23.078203
1988-11-01,23.42264477
1988-12-01,23.75429553
1989-01-01,24.14551607
1989-02-01,24.56140351
1989-03-01,24.95311168
1989-04-01,25.04556752
1989-05-01,25.13210568
1989-06-01,25.21028037
1989-07-01,24.71332837
1989-08-01,24.20391061
1989-09-01,23.69031378
1989-10-01,23.4097035
1989-11-01,23.14285714
1989-12-01,22.87401575
1990-01-01,22.4699273
1990-02-01,22.0741483
1990-03-01,21.66837388
1990-04-01,21.54012739
1990-05-01,21.39584606
1990-06-01,21.2619469
1990-07-01,21.41760857
1990-08-01,21.57534247
1990-09-01,21.73742247
1990-10-01,21.61294863
1990-11-01,21.47752044
1990-12-01,21.33354964
1991-01-01,21.20456026
1991-02-01,21.07388016
1991-03-01,20.93813273
1991-04-01,20.43487621
1991-05-01,19.91517387
1991-06-01,19.40944074
1991-07-01,18.87934459
1991-08-01,18.35061263
1991-09-01,17.81868385
1991-10-01,17.20231214
1991-11-01,16.58444349
1991-12-01,15.96835183
1992-01-01,16.04627844
1992-02-01,16.115625
1992-03-01,16.19077901
1992-04-01,16.47432268
1992-05-01,16.76
1992-06-01,17.04676409
1992-07-01,17.38065327
1992-08-01,17.70889831
1992-09-01,18.03793103
1992-10-01,18.39054837
1992-11-01,18.7429078
1992-12-01,19.09027169
1993-01-01,19.34355556
1993-02-01,19.58758315
1993-03-01,19.83957691
1993-04-01,19.66622281
1993-05-01,19.50284713
1993-06-01,19.32959448
1993-07-01,19.68705986
1993-08-01,20.04988962
1993-09-01,20.41066667
1993-10-01,20.90581343
1993-11-01,21.40036986
1993-12-01,21.88586191
1994-01-01,22.16447985
1994-02-01,22.43482398
1994-03-01,22.71351616
1994-04-01,23.53842105
1994-05-01,24.37297297
1994-06-01,25.19833795
1994-07-01,25.91274397
1994-08-01,26.61926606
1994-09-01,27.32358104
1994-10-01,28.41973039
1994-11-01,29.51408451
1994-12-01,30.59072581
1995-01-01,31.24580255
1995-02-01,31.89410986
1995-03-01,32.55115512
1995-04-01,33.17504899
1995-05-01,33.79419355
1995-06-01,34.4192725
1995-07-01,34.68388301
1995-08-01,34.92254841
1995-09-01,35.18358663
1995-10-01,34.78042959
1995-11-01,34.36410848
1995-12-01,33.95414365
1996-01-01,33.98340708
1996-02-01,34.00732984
1996-03-01,34.03840084
1996-04-01,34.33262599
1996-05-01,34.61937173
1996-06-01,34.90861619
1996-07-01,35.27217963
1996-08-01,35.62795699
1996-09-01,35.9936
1996-10-01,36.91894737
1996-11-01,37.82365039
1996-12-01,38.73110995
1997-01-01,39.23297491
1997-02-01,39.740667
1997-03-01,40.23158964
1997-04-01,40.33421331
1997-05-01,40.44126214
1997-06-01,40.55020824
1997-07-01,40.58289474
1997-08-01,40.61498029
1997-09-01,40.63399827
1997-10-01,40.33757422
1997-11-01,40.02216539
1997-12-01,39.71811804
1998-01-01,39.66076575
1998-02-01,39.60309478
1998-03-01,39.54572163
1998-04-01,39.35598018
1998-05-01,39.16678445
1998-06-01,38.97292546
1998-07-01,38.68160535
1998-08-01,38.37928571
1998-09-01,38.08358209
1998-10-01,37.95845588
1998-11-01,37.83239669
1998-12-01,37.70754119
1999-01-01,37.93347509
1999-02-01,38.1567187
1999-03-01,38.38454627
1999-04-01,39.25764706
1999-05-01,40.13467912
1999-06-01,41.02202233
1999-07-01,42.00091241
1999-08-01,42.97474911
1999-09-01,43.95365122
1999-10-01,45.35973482
1999-11-01,46.77202421
1999-12-01,48.16857721
2000-01-01,49.09056474
2000-02-01,50.03134006
2000-03-01,50.94348287
2000-04-01,51.27578947
2000-05-01,51.59985449
2000-06-01,51.91619318
2000-07-01,52.51336898
2000-08-01,53.10904541
2000-09-01,53.69604974
2000-10-01,52.45811321
2000-11-01,51.22825279
2000-12-01,49.9973704
2001-01-01,48.48021779
2001-02-01,46.95253506
2001-03-01,45.4348659
2001-04-01,42.55507868
2001-05-01,39.67426608
2001-06-01,36.78972379
2001-07-01,33.96644106
2001-08-01,31.13606341
2001-09-01,28.3100271
2001-10-01,27.10448137
2001-11-01,25.89821183
2001-12-01,24.69117964
2002-01-01,24.69590643
2002-02-01,24.69531075
2002-03-01,24.70113466
2002-04-01,25.38073499
2002-05-01,26.06254528
2002-06-01,26.74103376
2002-07-01,27.83703019
2002-08-01,28.9422772
2002-09-01,30.0384216
2002-10-01,29.22811218
2002-11-01,28.40867936
2002-12-01,27.59067199
2003-01-01,28.50270442
2003-02-01,29.41075193
2003-03-01,30.32342407
2003-04-01,31.73012478
2003-05-01,33.14305949
2003-06-01,34.54545455
2003-07-01,35.8965642
2003-08-01,37.24237862
2003-09-01,38.58591976
2003-10-01,41.96888889
2003-11-01,45.35205184
2003-12-01,48.74334687
2004-01-01,49.82490101
2004-02-01,50.90650045
2004-03-01,52.01203147
2004-04-01,53.38483278
2004-05-01,54.75571003
2004-06-01,56.16063461
2004-07-01,56.68118913
2004-08-01,57.22228061
2004-09-01,57.76020672
2004-10-01,58.03688312
2004-11-01,58.30124688
2004-12-01,58.55517578
2005-01-01,59.10005003
2005-02-01,59.65340627
2005-03-01,60.22681452
2005-04-01,61.22134595
2005-05-01,62.24405705
2005-06-01,63.27631579
2005-07-01,64.32842105
2005-08-01,65.39903846
2005-09-01,66.48156182
2005-10-01,67.57142857
2005-11-01,68.70460855
2005-12-01,69.84338683
2006-01-01,70.76535695
2006-02-01,71.72191011
2006-03-01,72.68202247
2006-04-01,73.27912212
2006-05-01,73.88373425
2006-06-01,74.50475624
2006-07-01,75.87236604
2006-08-01,77.21355729
2006-09-01,78.57722123
2006-10-01,79.54375729
2006-11-01,80.54756381
2006-12-01,81.49712313
2007-01-01,82.03686636
2007-02-01,82.60720412
2007-03-01,83.15307329
2007-04-01,83.73226545
2007-05-01,84.32700893
2007-06-01,84.92372406
2007-07-01,82.82734205
2007-08-01,80.72253052
2007-09-01,78.58897638
2007-10-01,74.4516441
2007-11-01,70.32148006
2007-12-01,66.18434004
2008-01-01,64.24790308
2008-02-01,62.32152714
2008-03-01,60.3823934
2008-04-01,57.389866
2008-05-01,54.3672995
2008-06-01,51.3692072
2008-07-01,49.5597162
2008-08-01,47.7625792
2008-09-01,45.95732628
2008-10-01,35.59147686
2008-11-01,25.23692484
2008-12-01,14.87894201
2009-01-01,12.20674094
2009-02-01,9.533862183
2009-03-01,6.859925704
2009-04-01,7.07676262
2009-05-01,7.293380748
2009-06-01,7.509892961
2009-07-01,9.186414057
2009-08-01,10.86315223
2009-09-01,12.53961585
2009-10-01,25.34805318
2009-11-01,38.16450368
2009-12-01,50.98163453
2010-01-01,54.27922705
2010-02-01,57.5970386
2010-03-01,60.92279217
2010-04-01,62.98369279
2010-05-01,65.03236994
2010-06-01,67.08111455
2010-07-01,68.68956743
2010-08-01,70.28312864
2010-09-01,71.88212684
2010-10-01,73.68427673
2010-11-01,75.49685139
2010-12-01,77.35389408
2011-01-01,78.68834356
2011-02-01,79.97094431
2011-03-01,81.32730673
2011-04-01,82.14127082
2011-05-01,83.02171216
2011-06-01,83.86254072
2011-07-01,84.89365791
2011-08-01,85.95431472
2011-09-01,86.95407407
2011-10-01,86.97550432
2011-11-01,86.98014184
2011-12-01,86.94545455
2012-01-01,87.46334902
2012-02-01,87.99544567
2012-03-01,88.54302103
2012-04-01,88.30764331
2012-05-01,88.12549277
2012-06-01,87.93887043
2012-07-01,87.44565916
2012-08-01,86.95477076
2012-09-01,86.48412223
2012-10-01,86.51143201
2012-11-01,86.50806452
2012-12-01,86.51399027
2013-01-01,86.92894891
2013-02-01,87.31581986
2013-03-01,87.71662896
2013-04-01,88.79027699
2013-05-01,89.85424658
2013-06-01,90.94213483
2013-07-01,92.09050773
2013-08-01,93.24902289
2013-09-01,94.36073826
2013-10-01,96.306271
2013-11-01,98.26666667
2013-12-01,100.2095344
2014-01-01,100.4055096
2014-02-01,100.6112957
2014-03-01,100.8398268
2014-04-01,101.5945504
2014-05-01,102.3710726
2014-06-01,103.1297669
2014-07-01,104.0664557
2014-08-01,105.0069593
2014-09-01,105.9665072
2014-10-01,104.7172973
2014-11-01,103.5225316
2014-12-01,102.3042829
2015-01-01,101.3076923
2015-02-01,100.2503611
2015-03-01,99.23616412
2015-04-01,97.79925303
2015-05-01,96.34762774
2015-06-01,94.90461121
2015-07-01,93.48839286
2015-08-01,92.09345372
2015-09-01,90.64848485
2015-10-01,89.27733686
2015-11-01,87.90114068
2015-12-01,86.52401011
2016-01-01,86.50135257
2016-02-01,86.48592189
2016-03-01,86.44506199
2016-04-01,86.58906967
2016-05-01,86.75136497
2016-06-01,86.93742178
2016-07-01,87.63866232
2016-08-01,88.35775336
2016-09-01,89.08711808
2016-10-01,90.92151039
2016-11-01,92.71905782
2016-12-01,94.55513468
2017-01-01,96.44425604
2017-02-01,98.39146959
2017-03-01,100.2889831
2017-04-01,101.5193632
2017-05-01,102.7606178
2017-06-01,104.0166667
2017-07-01,105.0556507
2017-08-01,106.0544041
2017-09-01,107.080756
2017-10-01,108.0270384
2017-11-01,108.9294414
2017-12-01,109.8696907
2018-01-01,111.7260713
2018-02-01,113.5667506
2018-03-01,115.4536523
2018-04-01,117.7820684
2018-05-01,120.1196087
2018-06-01,122.4699867
2018-07-01,125.1070309
2018-08-01,127.7523469
2018-09-01,130.4044944
2018-10-01,131.0804706
2018-11-01,131.7479439
2018-12-01,132.4038164
2019-01-01,133.030102
2019-02-01,133.731068
2019-03-01,134.4189837
2019-04-01,134.6846011
2019-05-01,134.9744681
2019-06-01,135.2442677
2019-07-01,134.4753142
2019-08-01,133.7101984
2019-09-01,132.8948307
2019-10-01,135.1034483
2019-11-01,137.2634836
2019-12-01,139.453468
2020-01-01,131.7604502
2020-02-01,124.0465556
2020-03-01,116.3328947
2020-04-01,110.6119343
2020-05-01,104.9464414
2020-06-01,99.22211569
2020-07-01,98.87854501
2020-08-01,98.56756757
2020-09-01,98.20601109
2020-10-01,96.8470255
2020-11-01,95.50565124
2020-12-01,94.12404483
2021-01-01,105.4991657
2021-02-01,116.8300241
2021-03-01,128.2134426
2021-04-01,138.4084225
2021-05-01,148.5864528
2021-06-01,158.7449438
2021-07-01,164.2963102
2021-08-01,169.8135722
2021-09-01,175.3664694
2021-10-01,182.8909389
2021-11-01,190.3503263
2021-12-01,197.8319932
2022-01-01,197.9151882
2022-02-01,197.8581624
2022-03-01,197.8940964
2022-04-01,196.0401786
2022-05-01,194.1547333
2022-06-01,192.2559172
2022-07-01,190.5372625
2022-08-01,188.7680436
2022-09-01,187.1000972
2022-10-01,182.2920744
2022-11-01,177.5029452
2022-12-01,172.7320088
2023-01-01,173.5609115
2023-02-01,174.3452991
2023-03-01,175.1350397
2023-04-01,177.1151697
2023-05-01,179.100216
2023-06-01,180.9816743
2023-07-01,182.0710824
2023-08-01,183.205298
2023-09-01,184.2498955
2023-10-01,186.9613696
2023-11-01,189.70906
2023-12-01,192.4045175
2024-01-01,192.1027589
2024-02-01,191.7352716
2024-03-01,191.3608438
2024-04-01,191.4073381
2024-05-01,191.4157221
2024-06-01,191.4023876
2024-07-01,191.4219235
2024-08-01,191.4078498
